<?xml version="1.0" encoding="UTF-8" standalone="yes"?>
<addon id="plugin.video.OTV_MEDIA" name="OTV_MEDIA" version="4.7.2" provider-name="Orhan t">
    <requires>              
        <import addon="xbmc.python" version="2.24.0"/>
        <import addon="script.common.plugin.cache" version="0.9.1"/>
	<import addon="script.module.six" version="1.11.0"/>
        <import addon="script.module.parsedom" version="2.5.2"/>
        <import addon="script.module.simple.downloader" version="0.9.4"/>
        <import addon="script.module.simplejson" version="2.0.10"/>
        <import addon="script.module.t0mm0.common" version="1.1.0"/>
        <import addon="script.module.urlresolver" optional="true"/>
        <import addon="script.module.pyamf" />
        <import addon="script.module.metahandler"   version="1.0.0"/>
        <import addon="script.module.routing"/> 
        <import addon="script.module.requests"/>
  </requires>
  <extension point="xbmc.python.pluginsource" library="default.py">
    <provides>video</provides>
   </extension>
  <extension point="xbmc.addon.metadata">
    
    <summary lang="en">OTV_MEDIA</summary>    <description lang="en">
    [COLOR yellow]Bagis,Spenden,Donation[/COLOR]
[COLOR yellow]https://www.paypal.me/orhantv [/COLOR]
[COLOR red]Movies[/COLOR],
[COLOR yellow]TV-Shovs[/COLOR],
[COLOR turquoise]Documentaries[/COLOR],
[COLOR limegreen]Toons[/COLOR],
[COLOR red]Live TV[/COLOR],
+18 adult pin on this site->
http://www.ozbeceriksizler.com/forumdisplay.php?66-IPTV-Online-TV</description>
    <platform>all</platform>
	<assets>
            <icon>icon.png</icon>
            <fanart>fanart.jpg</fanart>
        </assets>
  </extension>
</addon>