﻿<?xml version="1.0" encoding="UTF-8" standalone="yes"?>
<addon id="OTV_MEDIA.repo" name="OTV_MEDIA Repository" version="1.0.1" provider-name="OTV_MEDIA">
    <extension point="xbmc.addon.repository" name="OTV_MEDIA Addon Repository">
        <info compressed="false">https://downloads.sourceforge.net/project/otv-media-repo/addons.xml</info>
        <checksum>https://downloads.sourceforge.net/project/otv-media-repo/addons.xml.md5</checksum>
		<datadir zip="true">https://downloads.sourceforge.net/project/otv-media-repo/</datadir>
    </extension>
    <extension point="xbmc.addon.metadata">
        <summary>OTV_MEDIA Update for Kodi</summary>
        <description>OTV_MEDIA Addon Repository</description>
        <platform>all</platform>
    </extension>
</addon>